name,MDVP:Fo(Hz),MDVP:Fhi(Hz),MDVP:Flo(Hz),MDVP:Jitter(%),MDVP:Jitter(Abs),MDVP:RAP,MDVP:PPQ,Jitter:DDP,MDVP:Shimmer,MDVP:Shimmer(dB),Shimmer:APQ3,Shimmer:APQ5,MDVP:APQ,Shimmer:DDA,NHR,HNR,status,RPDE,DFA,spread1,spread2,D2,PPE
 ,222.236,231.345,205.495,0.00266,0.0001,0.00152,0.00144,0.00457,0.01643,0.145,0.00867,0.01108,0.012,0.02602,0.0034,25.856,0,0.364867,0.694399,-6.96632,0.095882,2.278687,0.103224
 ,222.236,231.345,205.495,0.00266,1e-05,0.00152,0.00144,0.00457,0.01643,0.145,0.00867,0.01108,0.012,0.02602,0.0034,25.856,0,0.364867,0.694399,-6.96632,0.095882,2.278687,0.103224
 ,136.969,166.607,66.004,0.00923,7e-05,0.00507,0.00463,0.0152,0.03111,0.308,0.01638,0.01759,0.02603,0.04914,0.02659,19.979,0,0.498133,0.729067,-5.32457,0.20566,2.291558,0.226247
 ,125.791,140.557,96.206,0.01378,0.00011,0.00826,0.00655,0.02478,0.04689,0.422,0.02542,0.0263,0.3908,0.07625,0.10323,15.433,0,0.57101,0.0690892,-5.15917,0.202143,2.441612,0.260375
 ,128.94,479.697,88.251,0.00581,5e-05,0.00241,0.00314,0.00723,0.02008,0.221,0.00849,0.01117,0.01734,0.02548,0.0235,24.743,0,0.487756,0.68413,-6.18613,0.279933,2.68624,0.152428
 ,128.94,479.697,88.251,0.00581,5e-05,0.00241,0.00314,0.00723,0.02008,0.221,0.00849,3.01117,0.01734,0.02548,0.0235,24.743,0,0.487756,0.68413,-6.18613,0.279933,2.68624,0.152428
 ,128.94,57575343.0,88.251,0.00581,5e-05,0.00241,0.00314,0.00723,0.02008,0.221,0.00849,3.01117,0.01734,0.02548,0.0235,24.743,0,0.487756,0.68413,-6.18613,0.279933,2.68624,0.152428
 ,128.94,57575343,88.251,342245,0.00005,0.00241,0.00314,0.00723,0.02008,0.221,0.00849,3.01117,0.01734,0.02548,0.0235,24.743,0,0.487756,0.68413,-6.18613,0.279933,2.68624,0.152428
